AIRPORT,year,month,arr_flights,arr_del15,arr_cancelled,arr_diverted,arr_delay,def_avg_Delay,aircraft_delay(min/flight),nas_delay(min/flight),weather_delay(min/flight),carrier_delay(min/flight),security_delay(min/flight),AIRPORT_ID,DISPLAY_AIRPORT_NAME,DISPLAY_AIRPORT_CITY_NAME_FULL,AIRPORT_COUNTRY_NAME,AIRPORT_STATE_NAME,DISPLAY_CITY_MARKET_NAME_FULL,LATITUDE,LONGITUDE
ABE,6029,15,391.0,119.0,12.0,3.0,8453.0,-2605.9348635686206,1.9536835787957725,1.8959709161352516,2.112518460096478,1.5734252622291394,0.9504817873444932,10135,Lehigh Valley International,"Allentown/Bethlehem/Easton, PA",United States,Pennsylvania,"Allentown/Bethlehem/Easton, PA",40.65472222,-75.43833333
ABI,10075,33,1026.0,224.0,20.0,5.0,11507.0,-3153.8914392810343,1.4309984667238371,1.0395282335721336,2.2078237848208424,1.1067556476655669,1.220141112716601,10136,Abilene Regional,"Abilene, TX",United States,Texas,"Abilene, TX",32.40944444,-99.67972222
ABQ,221093,743,140850.0,26747.0,781.0,347.0,1214923.0,530594.3883358169,8.682356972178626,5.353606004569603,10.648411262355491,7.687052493257315,6.416963555188895,10140,Albuquerque International Sunport,"Albuquerque, NM",United States,New Mexico,"Albuquerque, NM",35.04166667,-106.60638889
ACK,6028,24,251.0,84.0,24.0,6.0,5261.0,-3740.9348635686206,2.461676638165554,2.7700152519042054,4.746399531587381,2.68769716225136,3.2595934033612224,10154,Nantucket Memorial,"Nantucket, MA",United States,Massachusetts,"Nantucket, MA",41.25666667,-70.05972222
ACT,2018,7,146.0,35.0,10.0,1.0,1688.0,-906.9782878562067,0.3141415181790091,0.2351927323650335,0.911444288642002,0.3546593458660237,0.3535130357931949,10155,Waco Regional,"Waco, TX",United States,Texas,"Waco, TX",31.61138889,-97.22861111
ACV,2005,9,339.0,52.0,8.0,1.0,1934.0,-1426.9782878562069,0.1042281219272369,0.079646017699115,0.1420845624385447,0.1086529006882989,0.0766961651917404,10157,Arcata,"Arcata/Eureka, CA",United States,California,"Eureka/Arcata, CA",40.97916667,-124.1075
ACY,6052,28,900.0,222.0,8.0,4.0,16730.0,1150.0651364313794,0.9463982232291605,0.6595911229627308,1.113623230971882,0.6250160920900578,0.466207559668038,10158,Nafec Atlantic City,"Atlantic City, NJ",United States,New Jersey,"Atlantic City, NJ",39.45611111,-74.57805556
AEX,8030,33,463.0,88.0,17.0,4.0,4319.0,-4976.913151424827,2.915719921808708,1.477498600162138,2.5252600186727987,2.971381061582285,2.875477071818808,10185,England AFB,"Alexandria, LA",United States,Louisiana,"Alexandria, LA",31.32416667,-92.54694444
AGS,6026,24,487.0,139.0,15.0,4.0,6458.0,-3017.9348635686206,1.3565129703532015,1.1354084745255582,1.0399044491525211,0.736952597153091,0.6194178635497625,10208,Bush Field,"Augusta, GA",United States,Georgia,"Augusta, GA",33.36916667,-81.96444444
AKN,10026,34,116.0,44.0,7.0,9.0,2501.0,-7557.891439281035,15.609627967822323,7.786769765093782,10.963765874315976,13.33023948001334,11.78260396387842,10245,King Salmon Airport,"King Salmon, AK",United States,Alaska,"King Salmon, AK",58.67777778,-156.65166667
ALB,30173,86,4348.0,1017.0,105.0,28.0,51353.0,618.3256821568971,4.676167744980557,2.7727869754237373,5.600610633567225,3.621582199791754,4.9419431519424455,10257,Albany International,"Albany, NY",United States,New York,"Albany, NY",42.74583333,-73.80527778
AMA,46199,139,5367.0,1214.0,110.0,53.0,59093.0,-8352.500620692761,6.44893871189054,4.389639226558824,10.244688252917914,4.660199860526815,3.591275771424177,10279,Amarillo International,"Amarillo, TX",United States,Texas,"Amarillo, TX",35.22722222,-101.72194444
ANC,263489,884,162029.0,30226.0,3397.0,277.0,1458266.0,457998.8442908365,6.347668991446913,3.33566983456483,6.545673836174806,5.865235635674853,3.836876623454268,10299,Anchorage International,"Anchorage, AK",United States,Alaska,"Anchorage, AK",61.16916667,-149.98527778
APF,2007,8,57.0,34.0,1.0,1.0,1696.0,-1339.9782878562069,0.8641868262088499,0.8540218470705065,0.9746588693957116,0.9056603773584906,0.2807017543859649,10329,Naples Municipal,"Naples, FL",United States,Florida,"Naples, FL",26.15277778,-81.77527778
ART,2019,3,62.0,12.0,2.0,2.0,1250.0,-1168.9782878562069,2.56102877070619,1.9620377655389456,1.2983870967741935,0.8936355710549259,4.032258064516129,10361,Watertown International,"Watertown, NY",United States,New York,"Watertown, NY",43.99083333,-76.02138889
ASE,44286,122,10574.0,3055.0,708.0,444.0,187996.0,31784.477667163443,3.7667352986408265,2.7538707663955893,4.976218697277675,4.021098789779511,3.6632245304484736,10372,Aspen Pitkin County Sardy Field,"Aspen, CO",United States,Colorado,"Aspen, CO",39.22416667,-106.86888889
ATL,1094336,3563,4217772.0,796949.0,67484.0,9135.0,48590885.0,13685502.811406102,30.55771761682465,21.301649313293964,38.41194883758391,28.01511785002629,20.90584710872774,10397,Atlanta Municipal,"Atlanta, GA",United States,Georgia,"Atlanta, GA (Metropolitan Area)",33.64083333,-84.42722222
ATW,6028,22,436.0,151.0,19.0,5.0,8706.0,-2100.9348635686206,1.0431009359210577,0.8693039896323147,1.52136683682349,1.2485851527169514,0.996875939060379,10408,Outagamie County Regional,"Appleton, WI",United States,Wisconsin,"Appleton, WI",44.25777778,-88.52
AUS,307976,967,182786.0,37177.0,1650.0,461.0,1872189.0,714128.3219579998,13.463313831149414,7.860454198963684,17.709578438137385,11.414161388926615,8.731381725749841,10423,Austin - Bergstrom International,"Austin, TX",United States,Texas,"Austin, TX",30.19444444,-97.67
AVL,20149,61,1966.0,489.0,40.0,23.0,32535.0,-708.7828785620686,3.869391041472384,3.1047797084988584,3.8370966609184425,3.6719187954726777,2.780952172690697,10431,Asheville Regional,"Asheville, NC",United States,North Carolina,"Asheville, NC",35.435,-82.54111111
AVP,4029,8,199.0,54.0,14.0,2.0,2757.0,-2300.9565757124137,1.273656085291791,0.7802554951426288,0.6055631631096712,1.248802319889179,1.179746835443038,10434,Wilkes Barre Scranton International,"Scranton/Wilkes-Barre, PA",United States,Pennsylvania,"Scranton/Wilkes-Barre, PA",41.33916667,-75.72583333
AZA,8076,18,2347.0,553.0,155.0,5.0,36182.0,13694.08684857517,0.5596994327237259,0.2792561685658552,0.6071263815107538,0.5441153194250805,0.1817461226837723,10466,Phoenix - Mesa Gateway,"Phoenix, AZ",United States,Arizona,"Phoenix, AZ",33.30777778,-111.65555556
AZO,2010,1,159.0,45.0,8.0,1.0,1978.0,-1152.9782878562069,0.5043900616476743,0.1988968910580719,0.1132075471698113,0.3419329996149403,0.1143510577472841,10469,Kalamazoo/Battle Creek International,"Kalamazoo, MI",United States,Michigan,"Kalamazoo, MI",42.23638889,-85.55361111
BDL,82502,251,16827.0,4090.0,388.0,58.0,220019.0,36704.89019789552,8.487035625330437,5.493402152638098,8.548025219000074,7.518642626938459,8.352173415846874,10529,Bradley International,"Hartford, CT",United States,Connecticut,"Hartford, CT",41.93861111,-72.68333333
BFL,10062,38,1135.0,248.0,48.0,7.0,14950.0,-763.8914392810343,1.4692818705875148,1.127231775218396,1.7336019778353229,1.7497514255833078,0.8911957733540787,10561,Meadows Field,"Bakersfield, CA",United States,California,"Bakersfield, CA",35.43,-119.05222222
BGM,2019,6,85.0,21.0,1.0,1.0,1659.0,-1337.9782878562069,0.5647809362979641,0.7647058823529411,0.4447632711621234,1.2523342670401494,1.147776183644189,10577,Greater Binghamton/Edwin A. Link Field,"Binghamton, NY",United States,New York,"Binghamton, NY",42.20138889,-75.96916667
BHM,124647,383,26507.0,6234.0,380.0,160.0,330434.0,61750.34615291525,12.112893345598907,7.586970260047333,15.397336375840789,10.716673487069585,8.611639738248162,10599,Birmingham Airport,"Birmingham, AL",United States,Alabama,"Birmingham, AL",33.56305556,-86.75555556
BIL,6041,18,453.0,46.0,7.0,3.0,2074.0,-4325.93486356862,1.6668403588658327,0.6742109485396562,0.5577533577533577,1.107832579308717,1.553257495192979,10620,Billings Logan International,"Billings, MT",United States,Montana,"Billings, MT",45.80694444,-108.54277778
BIS,8051,13,682.0,108.0,25.0,5.0,7211.0,-4686.913151424827,1.5658666733825526,0.8281121385154433,4.656584435005208,1.388824449163122,1.047150477162506,10627,Bismarck Municipal,"Bismarck/Mandan, ND",United States,North Dakota,"Bismarck/Mandan, ND",46.77888889,-100.7525
BLI,2017,10,155.0,46.0,7.0,1.0,2544.0,-142.97828785620686,0.3751112671288693,0.2133424602835058,0.2932551319648094,0.4957555178268251,0.1612903225806451,10666,Bellingham International,"Bellingham, WA",United States,Washington,"Bellingham, WA",48.79444444,-122.53472222
BNA,444450,1444,397080.0,70357.0,3439.0,692.0,3511827.0,1538916.7983837847,17.19038369256708,10.39217027272583,20.096765841141394,14.72930689569109,10.470507478688104,10693,Nashville International,"Nashville, TN",United States,Tennessee,"Nashville, TN",36.12666667,-86.68194444
BOI,68346,226,18439.0,4267.0,272.0,105.0,238497.0,58653.73821288901,3.866907013642069,3.0843313790712306,5.105221251975906,3.519536438295393,2.4016798968009025,10713,Boise Air Terminal,"Boise, ID",United States,Idaho,"Boise, ID",43.56527778,-116.225
BOS,706036,2229,659398.0,155282.0,17120.0,975.0,10205305.0,3619138.6209625,20.68412828138444,15.76481170844858,23.89349731357626,18.1763087158867,15.216355483462229,10721,Logan International,"Boston, MA",United States,Massachusetts,"Boston, MA (Metropolitan Area)",42.36361111,-71.00611111
BPT,4030,5,121.0,41.0,5.0,2.0,1994.0,-2966.9565757124137,1.566002265763885,1.465088479316681,2.9776211559892776,1.722935121155366,0.975139174864638,10728,Jefferson County,"Beaumont/Port Arthur, TX",United States,Texas,"Beaumont/Port Arthur, TX",29.95083333,-94.02
BQK,2004,6,99.0,27.0,12.0,2.0,1278.0,-1471.9782878562069,0.5548910154173312,0.4935459377372818,0.6365845332048116,0.3756752952894432,0.2217294900221729,10731,Glynco Jetport,"Brunswick, GA",United States,Georgia,"Brunswick, GA",31.25888889,-81.46638889
BQN,6030,27,340.0,86.0,6.0,3.0,4894.0,-3513.9348635686206,1.7961713211138008,1.046296225518627,2.8436097660199957,1.4765296482575012,1.0711813567975186,10732,Rafael Hernandez,"Aguadilla, PR",United States,Puerto Rico,"Aguadilla, PR",18.495,-67.12944444
BRO,26106,74,1923.0,433.0,42.0,20.0,21569.0,-14863.717742130691,5.608782548349316,3.180474777635245,6.239950975184092,4.60462676681331,2.764073577737655,10747,Brownsville South Padre Island International,"Brownsville, TX",United States,Texas,"Brownsville, TX",25.90638889,-97.42555556
BRW,22122,68,776.0,219.0,32.0,19.0,13895.0,-11172.761166418277,10.632460000337892,5.651919191167472,10.794316394856605,12.795751154742725,6.406550892288606,10754,Wiley Post/Will Rogers Memorial,"Barrow, AK",United States,Alaska,"Barrow, AK",71.28555556,-156.76611111
BTR,54215,181,5706.0,1339.0,162.0,35.0,69919.0,-25322.413772117598,7.42639814244897,5.701246569688582,13.849570536675577,6.792539068915311,4.552569826770236,10781,Baton Rouge Metropolitan/Ryan Field,"Baton Rouge, LA",United States,Louisiana,"Baton Rouge, LA",30.53166667,-91.15055556
BTV,18084,67,1302.0,306.0,42.0,10.0,18658.0,-7302.804590705862,4.72756433915416,2.93412702182769,5.20576086365204,3.6688320464285535,3.136130312149472,10785,Burlington International,"Burlington, VT",United States,Vermont,"Burlington, VT",44.47277778,-73.15305556
BUF,112618,333,24512.0,6048.0,438.0,80.0,334778.0,58281.21588005246,9.515274717970922,6.20465351707492,13.175869066285722,8.31257956491586,7.285481370109293,10792,Greater Buffalo International,"Buffalo, NY",United States,New York,"Buffalo, NY",42.94111111,-78.73638889
BUR,189042,619,132274.0,23663.0,2352.0,259.0,1044768.0,497100.0409415162,5.157929409749912,3.3408989187543305,5.966095260716931,4.417547887566522,3.181526207099318,10800,Hollywood-Burbank Midpoint,"Burbank, CA",United States,California,"Los Angeles, CA (Metropolitan Area)",34.2,-118.35777778
BWI,541186,1777,1042827.0,172060.0,15324.0,2440.0,9078749.0,4169425.840566704,16.096310067599468,12.156595667137935,19.922873227306425,13.916502098733243,13.529027734125885,10821,Baltimore/Washington International,"Baltimore, MD",United States,Maryland,"Washington, DC (Metropolitan Area)",39.175,-76.67
BZN,10047,32,1477.0,452.0,19.0,17.0,25204.0,1528.1085607189652,1.0735888293817295,0.920020752411023,1.3853215128160727,0.9503146062102882,0.5235720024257944,10849,Gallatin Field,"Bozeman, MT",United States,Montana,"Bozeman, MT",45.78027778,-111.15944444
CAE,24081,100,2935.0,813.0,84.0,13.0,50567.0,-5045.739454274486,3.4385381114616123,3.133893874690528,7.39663393458491,3.387958516053147,2.292450040797679,10868,Columbia Metropolitan,"Columbia, SC",United States,South Carolina,"Columbia, SC",33.93638889,-81.11583333
CAK,4035,12,359.0,121.0,9.0,3.0,9015.0,1225.0434242875865,1.0017672191366438,0.3823626542460726,0.9480641952307842,1.1302556298076714,1.0073132985977675,10874,Akron-Canton Regional,"Akron, OH",United States,Ohio,"Cleveland, OH (Metropolitan Area)",40.91388889,-81.44166667
CEC,4015,17,174.0,46.0,7.0,3.0,3191.0,-1218.9565757124135,1.578760111009578,1.5449104261344924,0.6911976911976911,1.67217117829151,0.6126984126984126,10930,Jack McNamara Field,"Crescent City, CA",United States,California,"Crescent City, CA",41.78,-124.23583333
CHA,6042,24,300.0,68.0,10.0,3.0,4063.0,-3853.9348635686206,1.4733708102649183,1.4274555975084873,2.807476840767694,1.5115939499779991,3.755718950248398,10980,Lovell Field,"Chattanooga, TN",United States,Tennessee,"Chattanooga, TN",35.03638889,-85.20361111
CHO,4036,14,251.0,67.0,13.0,3.0,3408.0,-1428.9565757124135,0.9645087247027552,0.4770236752408896,0.9380385899163844,0.7836125446421041,1.5362006186579005,10990,Charlottesville Albemarle,"Charlottesville, VA",United States,Virginia,"Charlottesville, VA",38.14138889,-78.45305556
CHS,52301,162,6407.0,1608.0,188.0,41.0,97791.0,-8184.435484261383,7.988535150932476,4.749576201715655,10.55927546876693,7.6398881244549,5.6778461696089,10994,Charleston International,"Charleston, SC",United States,South Carolina,"Charleston, SC",32.89916667,-80.03888889
CID,30189,99,2835.0,666.0,119.0,21.0,39428.0,-10473.674317843108,5.734299625446955,3.564945966977376,6.96658985475481,5.688318680729003,5.09797059664374,11003,Cedar Rapids Municipal,"Cedar Rapids/Iowa City, IA",United States,Iowa,"Cedar Rapids/Iowa City, IA",41.88444444,-91.70611111
CLE,343328,1080,332998.0,63135.0,4555.0,691.0,3553504.0,1515566.7127765948,11.426049395583266,7.941158781134276,14.75009653332184,10.672264439403609,8.85466161664966,11042,Cleveland-Hopkins International,"Cleveland, OH",United States,Ohio,"Cleveland, OH (Metropolitan Area)",41.41083333,-81.84944444
CLT,579758,1877,1508739.0,235017.0,28100.0,2777.0,12932889.0,4767274.253097436,16.205019009624113,9.809795740965722,18.14720175323209,13.942688278723985,10.12417399300196,11057,Douglas Municipal,"Charlotte, NC",United States,North Carolina,"Charlotte, NC",35.21916667,-80.93583333
CMH,140844,426,48659.0,10756.0,920.0,135.0,609250.0,189753.51985006532,12.03935074102758,6.961014870699311,12.289727615292891,10.890157475064257,7.360493838910318,11066,Port Columbus International,"Columbus, OH",United States,Ohio,"Columbus, OH",39.99111111,-82.87833333
CMI,2019,3,207.0,34.0,1.0,1.0,1593.0,-1078.9782878562069,0.2448247972544647,0.1812976044395803,0.4205331387064261,0.1926913620643425,0.2355072463768115,11067,University of Illinois/Willard,"Champaign/Urbana, IL",United States,Illinois,"Champaign/Urbana, IL",40.03972222,-88.27972222
COS,118572,386,25142.0,5804.0,416.0,144.0,332856.0,41558.28101648383,12.680152097506172,8.450711410779212,17.34991278902783,11.471319550610934,9.812868047394256,11109,Peterson Field,"Colorado Springs, CO",United States,Colorado,"Colorado Springs, CO",38.80888889,-104.70916667
CPR,2004,1,276.0,85.0,10.0,1.0,4453.0,-462.97828785620686,0.1852551984877126,0.1381340579710145,0.4368530020703933,0.1659577819785759,0.0760869565217391,11122,Casper/Natrona County International,"Casper, WY",United States,Wyoming,"Casper, WY",42.90861111,-106.4625
CRP,16066,48,2169.0,424.0,46.0,10.0,22291.0,-6073.826302849655,1.6503644649202325,1.1405846509605744,1.900500648119266,1.503984317822339,0.973182981882535,11140,Corpus Christi International,"Corpus Christi, TX",United States,Texas,"Corpus Christi, TX",27.77,-97.50083333
CRW,28172,89,2910.0,667.0,108.0,28.0,41359.0,-5266.696029986897,4.859205504588674,3.248970735180729,4.315428061600377,4.130487147250388,4.943428859084279,11146,Kanawha,"Charleston/Dunbar, WV",United States,West Virginia,"Charleston/Dunbar, WV",38.37277778,-81.59305556
CVG,263039,889,540450.0,88646.0,15121.0,849.0,4671086.0,238657.84429083663,9.923489424989556,5.965339102318003,10.564462903684932,9.48237818610304,6.37585028106581,11193,Cincinnati/Northern Kentucky International,"Cincinnati, OH",United States,Kentucky,"Cincinnati, OH",39.04777778,-84.66861111
CWA,2010,7,144.0,33.0,3.0,3.0,1281.0,-1222.9782878562069,0.3324383071218514,0.2100613443926041,0.2443415637860082,0.2958094897472579,0.2995642701525054,11203,Central Wisconsin,"Mosinee, WI",United States,Wisconsin,"Wausau/Mosinee/Stevens Point, WI",44.78222222,-89.65916667
DAB,2018,2,121.0,28.0,1.0,1.0,1707.0,-919.9782878562067,0.5074422510956941,0.3242068177133112,0.3863468386749983,0.6680853169693671,0.194916575705598,11252,Daytona Beach Regional,"Daytona Beach, FL",United States,Florida,"Daytona Beach, FL",29.1825,-81.05277778
DAL,392269,1287,722921.0,127754.0,14610.0,2490.0,6474421.0,3386528.2338680546,6.899660592619991,5.177443890799261,9.946937838580125,6.094723133734878,4.215106677592498,11259,Dallas Love Field,"Dallas, TX",United States,Texas,"Dallas/Fort Worth, TX",32.84694444,-96.85333333
DAY,42234,125,6580.0,1765.0,285.0,30.0,119888.0,24947.45595501965,5.235086242282882,2.888447211693684,5.947929918864007,4.398930926402348,4.863461333317892,11267,James M Cox/Dayton International,"Dayton, OH",United States,Ohio,"Dayton, OH",39.90111111,-84.22
DCA,700306,2175,477098.0,90197.0,13884.0,1564.0,5213058.0,1487847.55582605,27.773718613842195,18.780545355920623,33.98809633436248,23.458288335224733,21.22082751545809,11278,Ronald Reagan Washington National,"Washington, DC",United States,Virginia,"Washington, DC (Metropolitan Area)",38.85166667,-77.03694444
DEN,973863,3183,1759684.0,309890.0,29151.0,4872.0,17385183.0,6946393.508677642,19.499254201949515,13.145296518106782,24.97617769860638,16.94610534676657,11.69901329133909,11292,Stapleton International,"Denver, CO",United States,Colorado,"Denver, CO",39.77444444,-104.87972222
DFW,1124487,3575,3809469.0,683438.0,87311.0,16020.0,43496505.0,17089218.137088176,31.16454452051056,21.303651385670037,37.50325617056648,28.906880786018935,19.4859462564336,11298,Dallas Fort Worth Regional,"Dallas/Fort Worth, TX",United States,Texas,"Dallas/Fort Worth, TX",32.89444444,-97.02972222
DHN,2008,8,117.0,36.0,4.0,1.0,2546.0,-1400.9782878562069,1.6951566951566952,0.5350637522768671,0.6837606837606838,0.5547684990193701,0.5811965811965812,11308,Dothan Regional,"Dothan, AL",United States,Alabama,"Dothan, AL",31.32,-85.44833333
DLH,4038,12,460.0,78.0,15.0,13.0,9687.0,-2258.9565757124137,0.4313457768413808,0.3747488818835714,2.706325826253396,0.8243120054280115,0.6864158248835559,11337,Duluth International,"Duluth, MN",United States,Minnesota,"Duluth, MN",46.8425,-92.19027778
DRO,10070,32,488.0,111.0,10.0,5.0,7007.0,-6461.891439281035,3.66302678502711,2.243853277877557,3.924210353483292,2.911575755742774,3.772564759584729,11413,La Plata County,"Durango, CO",United States,Colorado,"Durango, CO",37.15,-107.75111111
DSM,42249,111,3160.0,858.0,99.0,27.0,50883.0,-11540.544044980348,12.71788440014582,6.549900568397521,13.195041703782076,11.332013539355318,6.454612272677174,11423,Des Moines Municipal,"Des Moines, IA",United States,Iowa,"Des Moines, IA",41.53388889,-93.65666667
DTW,625544,1928,1144191.0,199783.0,21062.0,1851.0,12088527.0,3925564.752476745,22.05418281469788,13.652560950182204,33.76721887529938,20.716248876329757,16.38949074853432,11433,Detroit Metro Wayne County,"Detroit, MI",United States,Michigan,"Detroit, MI",42.21666667,-83.34444444
ECP,10075,28,1111.0,228.0,17.0,7.0,13230.0,-2883.8914392810343,1.543660772877649,0.9707237925542392,1.857391494281285,1.58512703757883,0.7178539577239338,11481,Northwest Florida Beaches International,"Panama City, FL",United States,Florida,"Panama City, FL",30.35777778,-85.79888889
EGE,10046,20,611.0,202.0,30.0,22.0,15357.0,-3262.8914392810343,4.696722801286688,2.6249846858749226,6.37174321290091,3.268461579898924,4.374353222454705,11503,Eagle County Regional,"Eagle, CO",United States,Colorado,"Eagle, CO",39.64361111,-106.91388889
ELM,4015,21,198.0,50.0,7.0,4.0,3306.0,-2282.9565757124137,1.3129748419352048,0.8665096948450228,1.4591241246320918,1.3980225737486631,0.8292372881355932,11537,Elmira/Corning Regional,"Elmira/Corning, NY",United States,New York,"Elmira/Corning, NY",42.16083333,-76.89527778
ELP,108535,377,44810.0,8937.0,261.0,92.0,404185.0,164737.17245576472,4.5266010411034125,2.892615336378898,6.404754463310359,3.691354030266589,3.5341021029541664,11540,El Paso International,"El Paso, TX",United States,Texas,"El Paso, TX",31.80666667,-106.37722222
EUG,4039,13,924.0,165.0,20.0,6.0,11303.0,-1570.9565757124135,0.2122432858463603,0.1964416298653545,0.3061151593550569,0.3689551360037136,0.4273847527778595,11603,Mahlon Sweet Field,"Eugene, OR",United States,Oregon,"Eugene, OR",44.12083333,-123.2175
EVV,4017,15,320.0,91.0,11.0,2.0,4193.0,-2370.9565757124137,0.6037997632161318,0.4224652225235328,0.8039130062431531,0.6160269667361826,0.7730227810015045,11612,Evansville Dress Regional,"Evansville, IN",United States,Indiana,"Evansville, IN",38.03666667,-87.5325
EWN,2018,1,104.0,33.0,10.0,1.0,2118.0,-806.9782878562069,0.7677543186180422,0.438936851294985,0.7444168734491315,0.6153846153846154,0.4120879120879121,11617,Craven County Regional,"New Bern/Morehead/Beaufort, NC",United States,North Carolina,"New Bern/Morehead/Beaufort, NC",35.07361111,-77.0425
EWR,739732,2393,1069373.0,320936.0,31438.0,4350.0,22546772.0,4659280.990068949,25.64558701356532,21.601907911180955,30.12124757904221,23.28626877793801,16.89627782894407,11618,Newark Liberty International,"Newark, NJ",United States,New Jersey,"New York City, NY (Metropolitan Area)",40.69583333,-74.17166667
EYW,6058,4,1152.0,194.0,7.0,3.0,8500.0,-2006.9348635686208,0.4381011581834388,0.2826417148798328,0.6116579786189809,0.326063466172322,0.4965832943658124,11624,Key West International,"Key West, FL",United States,Florida,"Key West, FL",24.55555556,-81.75972222
FAI,62234,200,11740.0,2718.0,230.0,43.0,129954.0,11101.67307645758,4.34591964432162,2.551177582082507,4.247898431836924,4.100333337582959,3.0256491491244057,11630,Fairbanks International,"Fairbanks, AK",United States,Alaska,"Fairbanks, AK",64.81444444,-147.86277778
FAR,4022,19,323.0,107.0,14.0,2.0,6193.0,-305.9565757124137,0.7188814531213481,0.5216790456451569,0.4546433958198663,0.6483114225355298,0.3316376107041668,11637,Hector Field,"Fargo, ND",United States,North Dakota,"Fargo, ND",46.91555556,-96.81472222
FAT,36150,122,12637.0,2144.0,250.0,31.0,115206.0,19322.39081858827,2.59026325226456,1.9080058018005697,2.499990365219198,1.9513838933752303,2.068223539968825,11638,Fresno Air Terminal,"Fresno, CA",United States,California,"Fresno, CA",36.77666667,-119.71722222
FAY,6024,21,552.0,177.0,7.0,5.0,10871.0,-1400.9348635686206,1.0544830103258125,0.8542404662111761,1.0597058857898,1.0721174306136405,1.1661052239866143,11641,Fayetteville Regional/Grannis Field,"Fayetteville, NC",United States,North Carolina,"Fayetteville, NC",34.99138889,-78.88027778
FCA,4031,23,305.0,54.0,4.0,4.0,3896.0,-2338.9565757124137,0.7785293316319931,0.6502901817082408,2.2194548993612084,1.0768848118556378,0.6188200415790185,11648,Glacier Park International,"Kalispell, MT",United States,Montana,"Kalispell, MT",48.31277778,-114.25111111
FLG,12087,54,1015.0,129.0,62.0,7.0,7742.0,-6778.869727137242,2.0841640988263315,1.3093566671076555,2.7941349802927284,2.146844364984076,1.0961180540251858,11695,Flagstaff Pulliam,"Flagstaff, AZ",United States,Arizona,"Flagstaff, AZ",35.13777778,-111.67166667
FLL,790803,2359,475666.0,112464.0,7489.0,1378.0,6678138.0,2225394.5328725325,29.69047090441389,18.281741596128114,35.61427089018992,24.832587833401384,19.43733201502892,11697,Fort Lauderdale-Hollywood International,"Fort Lauderdale, FL",United States,Florida,"Miami, FL (Metropolitan Area)",26.07416667,-80.15166667
FLO,2004,12,63.0,13.0,2.0,1.0,649.0,-1482.9782878562069,0.9274121633672197,0.6385696040868455,0.9244723530437816,0.7758025749030247,0.6984126984126984,11699,Florence Regional,"Florence, SC",United States,South Carolina,"Florence, SC",34.18888889,-79.72444444
FNT,2006,4,253.0,44.0,1.0,2.0,1920.0,-1078.9782878562069,0.1918057829443558,0.0960350790513833,0.372006510113927,0.2103376841249062,0.0632411067193675,11721,Bishop International,"Flint, MI",United States,Michigan,"Flint, MI",42.96666667,-83.74166667
FSD,8059,18,591.0,102.0,33.0,5.0,8104.0,-4017.913151424827,4.073540738562011,1.8719823515724487,2.394270997162512,2.6394597639575528,2.0887819124273865,11775,Joe Foss Field,"Sioux Falls, SD",United States,South Dakota,"Sioux Falls, SD",43.57888889,-96.74083333
FWA,4033,10,595.0,92.0,7.0,3.0,5770.0,-1183.9565757124135,0.4968582175860637,0.3690185686018713,0.618440988347102,0.362804985397249,0.5445239118423476,11823,Fort Wayne Municipal,"Fort Wayne, IN",United States,Indiana,"Fort Wayne, IN",40.97833333,-85.18805556
GCK,2015,2,56.0,13.0,9.0,1.0,767.0,-1416.9782878562069,1.043233082706767,0.6407214048410063,3.030799475753604,0.9171907756813418,0.3787878787878788,11867,Garden City Municipal,"Garden City, KS",United States,Kansas,"Garden City, KS",37.92861111,-100.72972222
GEG,34143,125,5360.0,1268.0,160.0,43.0,62245.0,10500.36910644448,3.5426145806334777,2.353598679761662,4.790921374644647,2.981085702969755,2.397533960222487,11884,Spokane International,"Spokane, WA",United States,Washington,"Spokane, WA",47.62,-117.53277778
GFK,2019,4,145.0,20.0,5.0,1.0,1430.0,-1265.9782878562069,0.5767743930725221,0.4188621356633095,0.9386973180076628,0.4556650246305418,0.2013047530288909,11898,Grand Forks International,"Grand Forks, ND",United States,North Dakota,"Grand Forks, ND",47.95194444,-97.17861111
GJT,6017,20,800.0,145.0,6.0,9.0,8022.0,-3908.9348635686206,0.7344997404155582,0.533120203691401,0.9814259838666026,0.6747570167683362,0.3361552885981715,11921,Walker Field,"Grand Junction, CO",United States,Colorado,"Grand Junction, CO",39.11861111,-108.51388889
GNV,4016,2,388.0,75.0,29.0,3.0,4170.0,-2208.9565757124137,0.4408721208748489,0.4830680808408856,0.6719096605561705,0.6830195856013255,0.5689390505789547,11953,Gainesville Regional,"Gainesville, FL",United States,Florida,"Gainesville, FL",29.68972222,-82.27583333
GPT,34143,103,2588.0,575.0,73.0,23.0,30812.0,-18407.63089355552,6.92344322101096,4.551656711747617,7.519149247728259,5.863857752921467,3.6879390197685016,11973,Gulfport-Biloxi International,"Gulfport/Biloxi, MS",United States,Mississippi,"Gulfport/Biloxi, MS",30.40611111,-89.07027778
GRB,12067,36,1261.0,304.0,50.0,9.0,19835.0,-3867.869727137241,2.0616326792807005,1.7546283407225514,2.8075856425982697,2.258011640402714,3.575016061714741,11977,Austin Straubel International,"Green Bay, WI",United States,Wisconsin,"Green Bay, WI",44.48805556,-88.13055556
GRK,14071,53,1255.0,260.0,64.0,9.0,12253.0,-7328.848014993449,2.7923737371439907,2.0426720800971734,2.5705242711437486,2.897776934511192,2.5610608919717204,11982,Robert Gray AAF,"Killeen, TX",United States,Texas,"Killeen, TX",31.06472222,-97.8275
GRR,58285,173,6546.0,1900.0,181.0,46.0,109633.0,-9688.370347830009,9.18314040194774,5.696797928196058,11.235619078976464,8.350731040345968,6.506459156944665,11986,Kent County,"Grand Rapids, MI",United States,Michigan,"Grand Rapids, MI",42.88111111,-85.52416667
GSO,42214,147,5109.0,1374.0,169.0,29.0,84473.0,-2735.544044980344,6.629774374390197,4.172308547632338,8.02104724856267,5.659860390197542,3.228379271411522,11995,Piedmont Triad International,"Greensboro/High Point, NC",United States,North Carolina,"Greensboro/High Point, NC",36.09194444,-79.94277778
GSP,56230,186,6445.0,1565.0,196.0,33.0,92477.0,-8207.392059973796,8.313419429659312,5.796080268666246,15.629557296275989,7.815076135108802,4.825569481394683,11996,Greenville-Spartanburg,"Greer, SC",United States,South Carolina,"Greenville/Spartanburg, SC",34.89888889,-82.21388889
GTF,2004,12,218.0,55.0,7.0,1.0,2275.0,-1490.9782878562069,0.1697247706422018,0.2626146788990826,0.2209480122324159,0.1280581039755352,0.1055045871559633,12003,Great Falls International,"Great Falls, MT",United States,Montana,"Great Falls, MT",47.48555556,-111.36694444
GTR,2004,11,108.0,30.0,3.0,1.0,1515.0,-1307.9782878562069,0.465070533355814,0.4889721181856014,0.5021971123666039,0.3631926500143554,0.6759259259259259,12007,Golden Triangle Regional,"Columbus, MS",United States,Mississippi,"Columbus, MS",33.45027778,-88.59138889
HHH,4028,9,254.0,48.0,6.0,2.0,3176.0,-3039.9565757124137,1.9540806419110777,1.008596404733722,1.816236279831508,1.1560805579665767,1.1731291333101288,12124,Hilton Head Airport,"Hilton Head, SC",United States,South Carolina,"Hilton Head, SC",32.21666667,-80.68333333
HNL,140916,419,149144.0,15826.0,487.0,150.0,739028.0,142785.51985006538,6.544393214471046,3.5279525786466137,5.856574550918752,6.0116722770832745,3.523151977120883,12173,Honolulu International,"Honolulu, HI",United States,Hawaii,"Honolulu, HI",21.31861111,-157.9225
HOU,368030,1171,738514.0,138330.0,13403.0,2563.0,6708997.0,3436459.9733223286,5.015177148849107,2.822087729907074,6.7574556058899,3.754174828050469,3.081673160622367,12191,William P Hobby,"Houston, TX",United States,Texas,"Houston, TX",29.645,-95.27861111
HPN,66430,194,9331.0,2663.0,275.0,128.0,182306.0,23944.71650074517,10.050741716326671,6.5920927213773615,10.214000263657963,9.699109440778374,8.766258247793761,12197,Westchester County,"White Plains, NY",United States,New York,"New York City, NY (Metropolitan Area)",41.06888889,-73.70777778
HRL,14062,48,1553.0,447.0,53.0,15.0,22156.0,430.1519850065521,1.6804062235855883,1.2792287923059162,2.158878980622028,1.6780305604910914,0.9912993101697604,12206,Valley International,"Harlingen/San Benito, TX",United States,Texas,"Harlingen/San Benito, TX",26.22805556,-97.65222222
HSV,22129,79,2285.0,544.0,36.0,15.0,31925.0,-4578.761166418275,4.50959738253274,2.464660791233864,4.573287858388072,4.350869827164535,2.115248865042282,12217,Huntsville International-Carl T Jones Field,"Huntsville, AL",United States,Alabama,"Huntsville, AL",34.64277778,-86.77555556
HVN,4037,7,155.0,37.0,22.0,3.0,3685.0,-945.9565757124136,3.0667579916575054,1.3673794276203912,3.099572649572649,2.448875702018788,2.083760683760684,12244,Tweed New Haven,"New Haven, CT",United States,Connecticut,"New Haven, CT",41.26527778,-72.88833333
HYS,2019,6,100.0,30.0,3.0,1.0,3046.0,-495.97828785620686,0.7261753494282084,0.4211356466876972,1.1449275362318845,2.2844444444444445,0.3125,12255,Hays Municipal,"Hays, KS",United States,Kansas,"Hays, KS",38.84611111,-99.27416667
IAD,335472,1098,340990.0,67934.0,10537.0,715.0,4498372.0,2025010.6259280243,16.264691500884098,10.143586488439212,19.955950574107177,15.604161296892794,10.086650866728538,12264,Washington Dulles International,"Washington, DC",United States,Virginia,"Washington, DC (Metropolitan Area)",38.94166667,-77.4575
IAH,794163,2530,1854391.0,328678.0,21327.0,7987.0,18519139.0,6348871.576296837,20.177460307308383,13.887457488519903,25.83675644422199,19.75874460543928,13.37738852106176,12266,Houston Intercontinental,"Houston, TX",United States,Texas,"Houston, TX",29.98333333,-95.34
ICT,38189,125,3408.0,893.0,89.0,32.0,52064.0,-11635.587469267935,7.524716586174845,4.73446721390971,7.104572446253736,6.486125188670337,3.541601701219541,12278,Wichita Mid-Continent,"Wichita, KS",United States,Kansas,"Wichita, KS",37.65,-97.43277778
IDA,8027,19,970.0,188.0,17.0,19.0,8862.0,-3295.9131514248274,0.8489209121893606,0.9334656032429156,0.9716706171112536,0.7125724386310698,0.5711645016517286,12280,Fanning Field,"Idaho Falls, ID",United States,Idaho,"Idaho Falls, ID",43.51611111,-112.06472222
ILM,8036,38,656.0,168.0,10.0,5.0,8871.0,-2888.9131514248274,1.315724733037893,1.0958107724614583,0.987656332084724,1.3396992985807974,1.9114599292295185,12323,Wilmington International,"Wilmington, NC",United States,North Carolina,"Wilmington, NC",34.26694444,-77.90388889
IND,152930,422,47853.0,9918.0,813.0,144.0,559483.0,135337.65012292817,11.78562005796537,7.273849482004737,16.08632460653253,9.935045890254171,7.121230240510115,12339,Indianapolis Muni/Weir Cook,"Indianapolis, IN",United States,Indiana,"Indianapolis, IN",39.72888889,-86.28166667
ISP,112473,321,41609.0,7734.0,884.0,214.0,409953.0,113760.21588005238,5.902282085332992,4.586967029498499,7.546160400135192,5.115921240670747,5.097422625375755,12391,Long Island MacArthur,"Islip, NY",United States,New York,"New York City, NY (Metropolitan Area)",40.79666667,-73.10083333
ITO,2018,1,508.0,40.0,1.0,2.0,1204.0,-1191.9782878562069,0.0596556786333911,0.0492125984251968,0.0644237652111667,0.0615580268961225,0.0353888348226134,12402,General Lyman Field,"Hilo, HI",United States,Hawaii,"Hilo, HI",19.72361111,-155.05805556
JAC,6034,12,458.0,100.0,10.0,6.0,5618.0,-2346.9348635686206,1.234138740426943,0.5116560649800371,0.8286929620358999,1.217607928552352,0.5608692167966661,12441,Jackson Hole,"Jackson, WY",United States,Wyoming,"Jackson, WY",43.60666667,-110.73694444
JAN,60293,220,5614.0,1356.0,118.0,40.0,75406.0,-16924.348635686216,12.314674225736344,7.192925149022026,13.65488793997872,9.323591417521842,7.553158078982028,12448,Allen C Thompson Field,"Jackson/Vicksburg, MS",United States,Mississippi,"Jackson/Vicksburg, MS",32.30972222,-90.07583333
JAX,130734,383,25462.0,5811.0,306.0,105.0,329004.0,52247.4112893466,14.625172025673065,8.621528782823686,18.074509790355567,11.08249611763247,11.046759860924984,12451,Jacksonville International,"Jacksonville, FL",United States,Florida,"Jacksonville, FL",30.48472222,-81.68777778
JFK,925157,2991,1020855.0,251017.0,22837.0,3792.0,17171444.0,5228237.987586185,28.478819924755093,22.66002385770585,34.789523261748926,27.49399936571744,18.904286752748654,12478,John F. Kennedy International,"New York, NY",United States,New York,"New York City, NY (Metropolitan Area)",40.63861111,-73.77694444
JMS,4032,16,161.0,29.0,8.0,11.0,1820.0,-2478.9565757124137,1.398295785302906,0.7419681155843664,2.750620333207551,1.2426616778940398,0.5409826560563467,12519,Jamestown Regional,"Jamestown, ND",United States,North Dakota,"Jamestown, ND",46.93,-98.67833333
JNU,90485,318,18267.0,3557.0,241.0,259.0,176560.0,6751.977046470689,6.702261557814436,3.631820301013807,6.957161567716264,6.847678469972061,3.2131846254549496,12523,Juneau International,"Juneau, AK",United States,Alaska,"Juneau, AK",58.35555556,-134.57472222
KOA,2019,10,732.0,76.0,1.0,1.0,3114.0,331.02171214379314,0.0651951751599101,0.035691429134052,0.0692573481285294,0.0430736579129246,0.0327868852459016,12758,Keahole,"Kona, HI",United States,Hawaii,"Kona, HI",19.73888889,-156.04555556
KTN,30133,109,3096.0,752.0,44.0,62.0,39036.0,-9588.674317843104,4.266120750649892,2.397800745094137,4.046787196642081,4.27592534130883,3.0821601039323205,12819,Ketchikan International,"Ketchikan, AK",United States,Alaska,"Ketchikan, AK",55.35833333,-131.71666667
LAS,913281,2911,1559757.0,288513.0,15585.0,2202.0,14030184.0,6387023.857313324,23.53581662352337,15.740787907167496,29.377453334854927,21.30480028011706,15.693746966916512,12889,McCarran International,"Las Vegas, NV",United States,Nevada,"Las Vegas, NV",36.08,-115.15222222
LAW,4029,15,141.0,36.0,27.0,3.0,1536.0,-2662.9565757124137,1.2627138024111584,0.808451136039761,1.817337700648994,1.167559471647957,0.4859013630943455,12891,Lawton-Fort Sill Regional,"Lawton/Fort Sill, OK",United States,Oklahoma,"Lawton/Fort Sill, OK",34.56972222,-98.41611111
LAX,1412087,4507,1816881.0,363842.0,26472.0,2562.0,19106046.0,7156254.241925009,28.482196766314072,16.633132105014663,32.85934791635932,25.64657419927005,20.104617741663866,12892,Los Angeles International,"Los Angeles, CA",United States,California,"Los Angeles, CA (Metropolitan Area)",33.9425,-118.40805556
LBB,40181,109,4717.0,1025.0,82.0,27.0,53101.0,-3610.5657571241377,6.60589787929302,4.693396183221121,10.48805906529046,5.498483657715814,5.312707185021663,12896,Lubbock Regional,"Lubbock, TX",United States,Texas,"Lubbock, TX",33.66222222,-101.82277778
LBE,4032,11,226.0,74.0,11.0,2.0,4975.0,-830.9565757124137,1.302312023222271,1.1458850044882405,1.2200998971485089,1.0416606730372706,1.473088531187123,12898,Latrobe Airport,"Latrobe, PA",United States,Pennsylvania,"Latrobe, PA",40.27638889,-79.40277778
LCH,6032,8,326.0,66.0,14.0,3.0,3483.0,-3858.9348635686206,1.7704741939259736,1.5883581536658924,3.945109300693286,1.0971714502276682,0.6150493024628821,12915,Lake Charles Regional,"Lake Charles, LA",United States,Louisiana,"Lake Charles, LA",30.13111111,-93.22555556
LEX,28167,81,2527.0,595.0,100.0,18.0,34115.0,-8622.696029986899,6.646023038883232,4.131943168205029,8.518999784524736,4.98872442437106,3.2138093289112297,12945,Blue Grass,"Lexington, KY",United States,Kentucky,"Lexington, KY",38.03972222,-84.60222222
LFT,36148,129,3872.0,837.0,111.0,27.0,43362.0,-14576.609181411728,5.552690179406973,3.788109360781261,6.41655077874688,5.611518560646766,3.7858150666691457,12951,Lafayette Regional,"Lafayette, LA",United States,Louisiana,"Lafayette, LA",30.20472222,-91.9875
LGA,780598,2421,476338.0,124952.0,20258.0,2498.0,7779371.0,1240635.4243117946,32.792369120951875,28.14140208163896,40.6697254478759,30.0028386120604,22.523736153163423,12953,LaGuardia,"New York, NY",United States,New York,"New York City, NY (Metropolitan Area)",40.77944444,-73.87583333
LGB,92500,240,36145.0,7014.0,377.0,217.0,410839.0,137975.99875861438,4.156379897481879,2.4634295740404406,6.148134650645766,3.9060312957237535,2.752508941794826,12954,Long Beach Daugherty Field,"Long Beach, CA",United States,California,"Los Angeles, CA (Metropolitan Area)",33.8175,-118.15111111
LIH,14126,47,5040.0,543.0,13.0,13.0,19642.0,-4121.848014993448,0.382969965143591,0.2814940871225799,0.3288667554208648,0.3325694649058653,0.2920323576816263,12982,Lihue Airport,"Lihue, HI",United States,Hawaii,"Lihue, HI",21.97916667,-159.34583333
LIT,68323,171,10765.0,2757.0,223.0,66.0,149561.0,17807.73821288896,8.201948644029672,5.673438871726547,8.633881593613523,6.635284237428408,5.89303889860709,12992,Adams Field,"Little Rock, AR",United States,Arkansas,"Little Rock, AR",34.72916667,-92.23444444
LNK,4029,7,254.0,57.0,4.0,2.0,4256.0,-2144.9565757124137,1.0874090187291503,0.7131469687337182,1.2313223031738625,1.6763002698350735,1.6639547094005387,13029,Lincoln Airport,"Lincoln, NE",United States,Nebraska,"Lincoln, NE",40.85083333,-96.75888889
LRD,2009,12,107.0,36.0,9.0,4.0,1792.0,-1338.9782878562069,0.4415335933475605,0.4119824822791097,1.427941117484257,0.3585319545060738,0.2562556526982212,13061,Laredo AFB,"Laredo, TX",United States,Texas,"Laredo, TX",27.54472222,-99.46111111
LYH,2020,2,58.0,22.0,2.0,1.0,2152.0,198.0217121437932,1.902247074660868,0.7389162561576356,4.482758620689655,1.180540303096859,0.6045678459471563,13139,Lynchburg Regional/Preston Glenn Field,"Lynchburg, VA",United States,Virginia,"Lynchburg, VA",37.32694444,-79.20111111
MAF,44238,164,5223.0,1225.0,111.0,40.0,61574.0,-5544.522332836554,6.925436248634967,4.727279839591041,8.95403387427147,5.101927098442739,3.704831443654983,13158,Midland Regional Air Trml,"Midland/Odessa, TX",United States,Texas,"Midland/Odessa, TX",31.94083333,-102.20138889
MBS,4023,21,306.0,67.0,7.0,3.0,5069.0,-2315.9565757124137,0.9426384190039652,0.4885546664163691,2.053781364876361,0.7181012914251956,0.861206652749076,13184,Tri City,"Saginaw/Bay City/Midland, MI",United States,Michigan,"Saginaw/Bay City/Midland, MI",43.53166667,-84.08166667
MCI,412146,1323,275345.0,54139.0,2827.0,823.0,2692448.0,1084508.4509894778,17.95014382739955,10.405153863945223,22.177369816033664,16.10317065011659,13.036204794532791,13198,Kansas City International,"Kansas City, MO",United States,Missouri,"Kansas City, MO",39.2975,-94.71388889
MCO,935572,2931,839264.0,165434.0,11515.0,2118.0,9435418.0,3533824.096146899,25.518398344838644,15.32105170165759,33.573977105245206,21.65449600895945,17.29146757349679,13204,Orlando International,"Orlando, FL",United States,Florida,"Orlando, FL",28.43166667,-81.32472222
MDW,452427,1482,1265748.0,215784.0,22104.0,5265.0,11106800.0,5186443.885232373,9.04555385374316,5.623633115717437,11.590196629536983,11.473181184685115,5.933728458937303,13232,Chicago Midway International,"Chicago, IL",United States,Illinois,"Chicago, IL",41.785,-87.75194444
MEI,2019,4,90.0,26.0,8.0,1.0,3525.0,-1112.9782878562069,0.6501050549993821,0.4640203008881639,2.1049692908989392,3.037551440329218,0.1777777777777777,13241,Key Field,"Meridian, MS",United States,Mississippi,"Meridian, MS",32.33722222,-88.74916667
MEM,295222,922,253782.0,43503.0,4337.0,663.0,2354446.0,508934.1916851371,14.970220411153708,9.082827877284611,18.038586381044688,13.808722613251325,7.985562581282007,13244,Memphis International,"Memphis, TN",United States,Tennessee,"Memphis, TN",35.04972222,-89.97861111
MFE,8025,27,495.0,173.0,8.0,4.0,9187.0,-2811.9131514248274,2.3003454276378403,1.4121807675629785,2.492998912872993,1.5285529510273634,0.9757395430487736,13256,McAllen Miller International,"Mission/McAllen/Edinburg, TX",United States,Texas,"Mission/McAllen/Edinburg, TX",26.17694444,-98.23972222
MFR,4027,21,793.0,167.0,39.0,2.0,9442.0,-958.9565757124136,0.5296064884727675,0.2129624735729386,0.4143421863988724,0.2688674762802668,0.3364230972515856,13264,Medford Jackson County,"Medford, OR",United States,Oregon,"Medford, OR",42.37361111,-122.87222222
MGM,4025,6,163.0,32.0,2.0,3.0,1646.0,-2784.9565757124137,1.4687068344110306,1.020619428543385,0.8439521798930415,1.224481660690014,0.7011044176706827,13277,Dannelly Field,"Montgomery, AL",United States,Alabama,"Montgomery, AL",32.3,-86.39111111
MHT,78317,287,23622.0,4826.0,309.0,70.0,256190.0,79566.84677360792,5.587195511536964,3.796896222297283,7.291724091291083,4.670432869185198,3.209757354036341,13296,Grenier Field/Manchester Municipal,"Manchester, NH",United States,New Hampshire,"Boston, MA (Metropolitan Area)",42.93833333,-71.43888889
MIA,527076,1714,733395.0,151613.0,11642.0,2141.0,9221419.0,3009028.6885816925,14.640634201757742,8.49499392019356,17.473442978164798,13.648370093246069,11.147120912056549,13303,Miami International,"Miami, FL",United States,Florida,"Miami, FL (Metropolitan Area)",25.7925,-80.28611111
MKE,170975,448,59345.0,12943.0,1162.0,228.0,735514.0,220295.8455322223,11.21268236896219,6.640074989931708,14.019623072031663,10.187246028142557,7.6813472720481775,13342,General Mitchell Field,"Milwaukee, WI",United States,Wisconsin,"Milwaukee, WI",42.95027778,-87.89722222
MLI,2008,7,93.0,14.0,2.0,1.0,521.0,-1527.9782878562069,0.285537891649946,0.4803130929791271,0.6516780710329096,0.3898255530650034,0.1835824809861002,13367,Quad City International,"Moline, IL",United States,Illinois,"Quad Cities, IL (Metropolitan Area)",41.44888889,-90.505
MLU,4019,21,269.0,45.0,7.0,2.0,2840.0,-2395.9565757124137,1.1641359285112376,0.6817549300887463,1.8603076361697053,0.876907151539953,2.4821633490012065,13377,Monroe Regional,"Monroe, LA",United States,Louisiana,"Monroe, LA",32.51111111,-92.03888889
MOB,22085,57,2182.0,478.0,55.0,16.0,26313.0,-9549.76116641828,3.390284470465516,2.298023105987276,3.110174245215009,3.5022912431088065,2.8478897704455712,13422,Mobile Regional,"Mobile, AL",United States,Alabama,"Mobile, AL",30.68833333,-88.24083333
MOT,2011,8,219.0,56.0,1.0,3.0,2732.0,-676.9782878562069,0.2769668388352421,0.1540745720928929,0.2645150803150537,0.2195806810082224,0.2103534964855574,13433,Minot International,"Minot, ND",United States,North Dakota,"Minot, ND",48.25944444,-101.28083333
MQT,2005,12,79.0,39.0,6.0,1.0,3368.0,475.02171214379314,0.9363013880645934,0.535275333685589,5.183211192538308,1.1776302137372898,0.3553186764379303,13459,Marquette County,"Marquette, MI",United States,Michigan,"Marquette, MI",46.35361111,-87.39527778
MRY,32210,129,4900.0,1019.0,193.0,62.0,57884.0,2928.34739430069,4.137631289830122,2.547646122291809,5.5016439564640685,3.79997484500046,4.054482304478849,13476,Monterey Peninsula,"Monterey, CA",United States,California,"Salinas/Monterey, CA",36.58805556,-121.84805556
MSN,20119,70,2669.0,797.0,95.0,18.0,47364.0,2011.2171214379316,2.929011769831514,1.987727692506856,3.250878784326387,2.674955860512489,1.4284241088159693,13485,Truax Field,"Madison, WI",United States,Wisconsin,"Madison, WI",43.14194444,-89.33694444
MSO,6021,25,835.0,192.0,6.0,5.0,8875.0,-2263.9348635686206,0.5779529199269721,0.7075010063599411,0.9579275524303624,0.5837378626576525,0.3032485704997831,13486,Missoula International,"Missoula, MT",United States,Montana,"Missoula, MT",46.91555556,-114.0875
MSP,641746,2022,1116912.0,190326.0,13878.0,2407.0,11378710.0,3094337.926173894,22.42956111873455,15.041866268673104,27.85287603774631,25.455150779701786,14.482875088141803,13487,Minneapolis-St Paul International,"Minneapolis, MN",United States,Minnesota,"Minneapolis/St. Paul, MN",44.88611111,-93.21777778
MSY,281686,899,146362.0,30016.0,1594.0,543.0,1479214.0,524878.0397001306,14.302572618337292,8.730006524658728,15.431345311165494,12.077436239856704,10.962987547711323,13495,Louis Armstrong New Orleans International,"New Orleans, LA",United States,Louisiana,"New Orleans, LA",29.99111111,-90.25138889
MTJ,2011,5,51.0,13.0,2.0,1.0,548.0,-1307.9782878562069,0.8417893746344192,0.844226579520697,0.6257822277847309,0.5107925523150436,1.2352941176470589,13502,Montrose Regional,"Montrose/Delta, CO",United States,Colorado,"Montrose/Delta, CO",38.50055556,-107.89472222
MYR,18126,57,3359.0,604.0,67.0,10.0,42383.0,270.19540929413733,2.3789619536910176,1.4255559406180205,2.004186187684847,1.6838550859509462,1.2652387870979402,13577,Myrtle Beach International,"Myrtle Beach, SC",United States,South Carolina,"Myrtle Beach, SC",33.67916667,-78.92972222
OAJ,8063,16,634.0,175.0,20.0,4.0,10450.0,-1845.9131514248277,1.7756297352703254,0.9789243642866488,1.237336171502569,1.5642842903458023,1.0981776299543151,13795,Albert J Ellis,"Jacksonville/Camp Lejeune, NC",United States,North Carolina,"Jacksonville/Camp Lejeune, NC",34.83027778,-77.61166667
OAK,293507,973,440044.0,80631.0,5815.0,425.0,3574028.0,2006206.1699730016,4.989550960509112,3.575638159781873,9.83896941866713,4.971677635582,3.5998094157504914,13796,Metropolitan Oakland International,"Oakland, CA",United States,California,"San Francisco, CA (Metropolitan Area)",37.72138889,-122.22083333
OGG,26206,66,14125.0,1330.0,46.0,18.0,65978.0,-6219.71774213069,1.3232215101310392,0.6596743781428122,1.8985672242872256,1.375662534617657,0.5824413511996198,13830,Kahului Airport,"Kahului, HI",United States,Hawaii,"Kahului, HI",20.90055556,-156.43361111
OKC,120585,407,23269.0,5575.0,390.0,141.0,274915.0,32513.302728627565,12.151882082648276,7.36576479117935,13.815685188238216,9.640533336041493,7.794277301082549,13851,Will Rogers World,"Oklahoma City, OK",United States,Oklahoma,"Oklahoma City, OK",35.39222222,-97.60166667
OMA,98529,296,16475.0,4201.0,344.0,87.0,231242.0,19131.063895045845,11.354719729516814,7.304169720003865,15.3931173383899,10.066683946408936,7.030562290681127,13871,Eppley Airfield,"Omaha, NE",United States,Nebraska,"Omaha, NE",41.30194444,-95.89333333
OME,34152,110,1480.0,290.0,83.0,38.0,12551.0,-21069.63089355552,8.424808327048895,6.031883081074936,7.374075284681188,9.487685567550637,6.754022116893862,13873,Nome Airport,"Nome, AK",United States,Alaska,"Nome, AK",64.51138889,-165.44166667
ONT,124558,428,73216.0,13191.0,692.0,146.0,589480.0,273797.346152915,3.7430481082597375,2.412502703423387,5.071899975580698,3.174466314193708,3.138290127966331,13891,Ontario International,"Ontario, CA",United States,California,"Los Angeles, CA (Metropolitan Area)",34.05611111,-117.60111111
ORD,1452131,4694,3003636.0,701243.0,106143.0,7336.0,48974352.0,16308504.676167546,36.82724947080583,31.15564028946797,45.53085028563875,33.190543006798904,21.69208208011601,13930,Chicago O'Hare International,"Chicago, IL",United States,Illinois,"Chicago, IL",41.97805556,-87.90611111
ORF,60243,232,8926.0,2313.0,272.0,40.0,134939.0,13179.651364313784,7.918350682989279,4.903652218518152,8.729594440247961,6.452876889048034,4.78625855417189,13931,Norfolk International,"Norfolk, VA",United States,Virginia,"Norfolk, VA (Metropolitan Area)",36.89583333,-76.20138889
ORH,2018,9,90.0,31.0,1.0,1.0,1959.0,-811.9782878562069,0.967251461988304,0.3866503866503867,0.6666666666666666,0.718226788432268,0.564373897707231,13933,Worcester Regional,"Worcester, MA",United States,Massachusetts,"Worcester, MA",42.26916667,-71.87444444
OTH,2010,8,155.0,68.0,1.0,1.0,5179.0,2351.021712143793,0.5439969459820576,0.2346041055718475,0.7168458781362007,0.4715072496347083,0.8602150537634409,13964,North Bend Municipal,"North Bend/Coos Bay, OR",United States,Oregon,"North Bend/Coos Bay, OR",43.41888889,-124.24
OTZ,18068,67,816.0,210.0,18.0,20.0,10593.0,-10493.804590705864,4.654873612678615,3.428143919709935,5.357719349207087,5.642962337733011,4.773049375531573,13970,Ralph Wien Memorial,"Kotzebue, AK",United States,Alaska,"Kotzebue, AK",66.88805556,-162.60583333
PBI,156952,524,35862.0,10020.0,724.0,126.0,618325.0,126612.69354721578,14.100972579701672,8.663958093807734,21.17914569011131,10.99687795999776,10.34055999371378,14027,Palm Beach International,"West Palm Beach/Palm Beach, FL",United States,Florida,"West Palm Beach/Palm Beach, FL",26.68222222,-80.09416667
PDX,333869,1091,163994.0,30020.0,2335.0,354.0,1489978.0,525136.6042158692,13.689983085084286,8.838496417824794,19.113627823043117,12.716523039550424,8.682327922576153,14057,Portland International,"Portland, OR",United States,Oregon,"Portland, OR",45.58916667,-122.595
PGD,10097,22,2759.0,519.0,259.0,15.0,35316.0,7955.108560718965,0.7919860470024929,0.4155025314058119,0.8711455409707679,0.8076716382591101,0.3118880698337367,14082,Charlotte County,"Punta Gorda, FL",United States,Florida,"Punta Gorda, FL",26.91916667,-81.99138889
PHF,2018,7,164.0,40.0,2.0,1.0,2497.0,-739.9782878562069,0.4571899347016823,0.3343280902910225,0.5306274436790169,0.2699006014032743,0.8037694013303769,14098,Patrick Henry International,"Newport News/Williamsburg, VA",United States,Virginia,"Norfolk, VA (Metropolitan Area)",37.13166667,-76.49333333
PHL,615729,1959,732849.0,151136.0,14901.0,1998.0,9030712.0,2398231.6439160174,20.6063854710264,17.062197626329375,28.56782909086165,18.101996875769935,15.707204731191236,14100,Philadelphia International,"Philadelphia, PA",United States,Pennsylvania,"Philadelphia, PA",39.86805556,-75.24861111
PHX,985639,3172,2148733.0,348943.0,27014.0,3125.0,17097776.0,6894753.638950504,15.02144537097579,8.449534455951271,18.267407618195595,13.777723544252868,12.99275782137635,14107,Phoenix Sky Harbor International,"Phoenix, AZ",United States,Arizona,"Phoenix, AZ",33.43611111,-112.00944444
PIA,6020,19,279.0,93.0,13.0,4.0,5530.0,-3331.9348635686206,2.4996547488169405,1.708791269294336,2.9732563567966137,1.7035704843598758,2.1727022238750173,14108,Greater Peoria,"Peoria, IL",United States,Illinois,"Peoria, IL",40.66138889,-89.68722222
PIE,20184,45,6621.0,1654.0,53.0,24.0,143418.0,53654.21712143792,1.377255783397389,0.7419767309112771,1.1008190846380517,1.9080707671765784,0.4178669037226343,14112,St. Petersburg-Clearwater International,"St. Petersburg, FL",United States,Florida,"Tampa, FL (Metropolitan Area)",27.90722222,-82.68555556
PIH,2003,8,159.0,15.0,1.0,4.0,657.0,-1599.9782878562069,0.2452830188679245,0.3223270440251572,0.1446540880503144,0.294811320754717,0.0943396226415094,14113,Pocatello Regional,"Pocatello, ID",United States,Idaho,"Pocatello, ID",42.91333333,-112.59444444
PIT,134717,404,29722.0,7124.0,701.0,98.0,401959.0,76148.45471363417,14.452130956472995,9.228784228674703,16.927677823675598,11.685019063227658,11.0877595189836,14122,Pittsburgh International,"Pittsburgh, PA",United States,Pennsylvania,"Pittsburgh, PA",40.49666667,-80.23583333
PLN,4034,15,150.0,36.0,12.0,5.0,2683.0,-2575.9565757124137,1.7254754771712486,0.981490530716664,2.1857009478180918,4.084596788082519,0.5589159698748739,14150,Pellston Regional Airport of Emmet County,"Pellston, MI",United States,Michigan,"Pellston, MI",45.57083333,-84.79277778
PNS,32158,123,2749.0,578.0,75.0,29.0,30621.0,-17236.652605699313,5.796903742322974,3.783385140256755,5.5488968665028455,6.081514301944802,3.837691999429965,14193,Pensacola Regional,"Pensacola, FL",United States,Florida,"Pensacola, FL",30.47333333,-87.1875
PSC,6022,25,853.0,224.0,31.0,4.0,11936.0,-2788.9348635686206,0.532320830427859,0.8860002471456603,0.8286576218474908,0.5536316631049301,0.4620277370254662,14252,Tri Cities,"Pasco/Kennewick/Richland, WA",United States,Washington,"Pasco/Kennewick/Richland, WA",46.26388889,-119.11472222
PSE,6037,22,209.0,87.0,5.0,5.0,4906.0,-2441.9348635686206,2.9210617945137245,1.6344086484056215,5.288395567665081,2.0428990465007395,2.3536259944282003,14254,Mercedita,"Ponce, PR",United States,Puerto Rico,"Ponce, PR",18.00972222,-66.56138889
PSG,10045,26,304.0,95.0,16.0,10.0,4391.0,-5799.891439281035,3.4444931856054555,2.6763204460292456,3.3060965135976508,5.221371175796974,2.0130484872770986,14256,Petersburg James A Johnson,"Petersburg, AK",United States,Alaska,"Petersburg, AK",56.80416667,-132.9425
PSP,38238,128,8766.0,1935.0,195.0,46.0,107258.0,19221.41253073207,3.98227076749278,2.3292776554841765,4.774536980865968,3.1814040036796114,1.9317053481175157,14262,Palm Springs International,"Palm Springs, CA",United States,California,"Palm Springs, CA",33.82666667,-116.505
PVD,114566,343,40535.0,8304.0,572.0,118.0,459189.0,142492.2375921961,8.336402553171213,5.583992344869007,10.44908452774262,6.342207603220816,4.663636823857039,14307,Theodore Francis Green State,"Providence, RI",United States,Rhode Island,"Boston, MA (Metropolitan Area)",41.72833333,-71.42611111
PWM,22106,74,1524.0,401.0,76.0,12.0,23660.0,-10330.761166418277,6.196722942802998,3.632132704806077,6.160224156812644,5.922273327135605,4.075046112225245,14321,Portland International Jetport,"Portland, ME",United States,Maine,"Portland, ME",43.64444444,-70.30361111
RAP,6038,20,917.0,180.0,15.0,5.0,10978.0,-1722.9348635686206,0.6999905988825315,0.433866282632558,0.5691738055549506,0.7285885265284342,0.6255803353813889,14457,Rapid City Regional,"Rapid City, SD",United States,South Dakota,"Rapid City, SD",44.04527778,-103.05694444
RDM,10063,29,1292.0,263.0,48.0,12.0,15883.0,-764.8914392810345,1.3878591133154174,0.6265216802715712,3.1390980491287035,1.2640205818096373,0.5854622309184513,14489,Roberts Field,"Bend/Redmond, OR",United States,Oregon,"Bend/Redmond, OR",44.25444444,-121.15138889
RDU,305561,948,108842.0,24041.0,2570.0,278.0,1339701.0,375023.3002458562,21.87077206210181,13.610519043666512,23.951927501255668,17.375831368408875,14.93416886409759,14492,Raleigh-Durham International,"Raleigh/Durham, NC",United States,North Carolina,"Raleigh/Durham, NC",35.87527778,-78.78194444
RIC,50248,160,7719.0,2301.0,242.0,33.0,155260.0,27104.54280359482,6.605626775535544,4.571721016692681,8.25294622489811,5.632384643276162,3.981205442836401,14524,Richmond International,"Richmond, VA",United States,Virginia,"Richmond, VA",37.50527778,-77.31972222
RIW,2020,3,87.0,12.0,11.0,1.0,1580.0,-1548.9782878562069,0.7496251874062969,0.7713649806396536,1.1932964815302272,2.599890530925013,0.6996501749125438,14534,Riverton Regional,"Riverton/Lander, WY",United States,Wyoming,"Riverton/Lander, WY",43.06444444,-108.45694444
RNO,114541,394,49509.0,10575.0,433.0,234.0,490682.0,212570.2375921961,5.034382802877749,3.399570694739414,10.966648552065893,4.740022200592381,3.332478785966208,14570,Reno/Tahoe International,"Reno, NV",United States,Nevada,"Reno, NV",39.49777778,-119.7675
ROA,12034,48,880.0,270.0,22.0,6.0,15626.0,-6589.869727137242,3.683896399470921,1.676185841731693,5.563210176938213,2.7751610675123426,1.3532319028331192,14574,Roanoke Regional/Woodrum Field,"Roanoke, VA",United States,Virginia,"Roanoke, VA",37.32472222,-79.97638889
ROC,26142,64,2227.0,648.0,93.0,14.0,42409.0,-169.71774213068943,5.1589062707146045,4.475853380364742,6.334605472679703,5.113638362797679,5.545461978320523,14576,Rochester Monroe County,"Rochester, NY",United States,New York,"Rochester, NY",43.12138889,-77.67083333
ROW,6045,8,258.0,67.0,20.0,5.0,3724.0,-3957.9348635686206,1.8887918491346656,1.4798736808254782,3.0345680037337024,1.561006160415972,1.0530234470100122,14588,Roswell International Air Center,"Roswell, NM",United States,New Mexico,"Roswell, NM",33.30166667,-104.53055556
RST,2010,6,131.0,23.0,3.0,1.0,1463.0,-1161.9782878562069,0.539440203562341,0.342695508694312,0.5551700208188758,0.5112338755299163,0.4351145038167939,14633,Rochester Municipal,"Rochester, MN",United States,Minnesota,"Rochester, MN",43.91027778,-92.49638889
RSW,134874,342,28134.0,6851.0,526.0,125.0,395829.0,26980.45471363412,13.499451717724709,8.011152731613134,22.270286064853096,11.07663047978327,9.370512671060697,14635,Southwest Florida International,"Fort Myers, FL",United States,Florida,"Fort Myers, FL",26.53611111,-81.755
SAF,2015,6,90.0,16.0,3.0,1.0,805.0,-1444.9782878562069,0.5375450263230812,0.3103103103103102,0.3658536585365854,0.7643427741466957,0.3980099502487562,14674,Santa Fe Municipal,"Santa Fe, NM",United States,New Mexico,"Santa Fe, NM",35.6175,-106.08833333
SAN,603337,1976,547101.0,107477.0,6870.0,1474.0,4955555.0,2305114.5136431563,20.471819652280924,13.274930733843888,27.4476694801756,19.57809259247045,15.188319687248086,14679,San Diego International Lindbergh Fl,"San Diego, CA",United States,California,"San Diego, CA",32.73277778,-117.18722222
SAT,281606,856,152238.0,30353.0,1580.0,380.0,1446377.0,533514.0397001306,10.118180788738533,7.068429065446402,13.69056199868952,8.517339985139257,6.808152961838959,14683,San Antonio International,"San Antonio, TX",United States,Texas,"San Antonio, TX",29.53333333,-98.46944444
SAV,36150,122,3786.0,1161.0,139.0,26.0,68689.0,-1523.6091814117235,6.290573702202015,3.993857379578005,5.665284943566741,5.330458796505955,3.9159664853895912,14685,Savannah/Hilton Head International,"Savannah, GA",United States,Georgia,"Savannah, GA",32.1275,-81.2025
SBA,40210,127,12715.0,2319.0,373.0,34.0,130662.0,39050.43424287586,2.1146195462462627,1.371097771838925,2.1701827462006893,2.016497960197838,1.790324229174144,14689,Santa Barbara Municipal,"Santa Barbara, CA",United States,California,"Santa Barbara, CA",34.42777778,-119.83944444
SBN,10077,29,1630.0,349.0,33.0,9.0,25970.0,2751.1085607189657,1.457295616204057,0.7801265359839102,2.550222562804509,1.2723040371214902,0.8614371405790546,14696,Michiana Regional,"South Bend, IN",United States,Indiana,"South Bend, IN",41.70444444,-86.3125
SBP,10042,35,1161.0,172.0,19.0,9.0,11210.0,-5493.891439281035,2.6919273885759862,0.9334354022303551,1.2061009516213546,1.8207699211653,0.9137224990217389,14698,San Luis Obispo County Regional,"San Luis Obispo, CA",United States,California,"Paso Robles/San Luis Obispo, CA",35.23666667,-120.63916667
SCC,6019,21,192.0,57.0,7.0,9.0,3012.0,-3406.9348635686206,2.907073975339944,1.639842061055259,1.5546082949308755,2.634430521568813,1.0675115207373271,14709,Deadhorse Airport,"Deadhorse, AK",United States,Alaska,"Deadhorse, AK",70.19444444,-148.46805556
SDF,68289,212,14629.0,3551.0,138.0,67.0,195822.0,43602.73821288898,6.794879612683232,4.476351116738827,9.074440936847612,5.770961917743124,3.425645780839567,14730,Standiford Field,"Louisville, KY",United States,Kentucky,"Louisville, KY",38.17972222,-85.73861111
SEA,786539,2573,1004475.0,181192.0,9804.0,1698.0,9082653.0,3335907.489448254,24.89840998912352,15.133677630568728,39.90478559607785,23.07972692785701,17.458387856218668,14747,Seattle International,"Seattle, WA",United States,Washington,"Seattle, WA",47.44722222,-122.30555556
SFB,28261,84,12189.0,3304.0,612.0,42.0,270385.0,101500.30397001306,1.3021437809819918,0.8275604067175305,1.6261115289593395,1.913734291421885,0.602185836530426,14761,Sanford NAS,"Sanford, FL",United States,Florida,"Sanford, FL",28.775,-81.24027778
SFO,889273,2876,894298.0,244751.0,22948.0,2279.0,16656216.0,4786012.596767594,29.27134411683185,23.65599865818113,34.90606313414828,25.743593003632583,20.395054736385035,14771,San Francisco International,"San Francisco, CA",United States,California,"San Francisco, CA (Metropolitan Area)",37.61888889,-122.375
SGF,22150,59,2992.0,726.0,94.0,16.0,41192.0,-2002.7611664182757,3.5178646203441546,2.677936441182247,4.727043409425755,3.749089182852911,3.12903987539228,14783,Springfield-Branson National,"Springfield, MO",United States,Missouri,"Springfield, MO",37.24,-93.385
SHV,8029,30,501.0,138.0,20.0,5.0,7549.0,-5003.913151424827,3.187649712176853,2.3994167336098027,4.652061024551795,2.6610677727667658,1.1342353956546156,14814,Shreveport Regional,"Shreveport, LA",United States,Louisiana,"Shreveport, LA",32.44694444,-93.82555556
SIT,6024,20,430.0,82.0,6.0,6.0,4260.0,-2728.9348635686206,1.179869460152006,0.5499072888137856,2.7421563063519905,0.8464979393426556,0.8920000371529679,14828,Sitka Rocky Gutierrez,"Sitka, AK",United States,Alaska,"Sitka, AK",57.04861111,-135.36166667
SJC,207064,731,170080.0,30493.0,2818.0,238.0,1391018.0,711565.2363508104,7.949518993311601,4.847864796911276,10.650259184063575,6.978112633354388,5.559893909676791,14831,San Jose International,"San Jose, CA",United States,California,"San Francisco, CA (Metropolitan Area)",37.36277778,-121.94055556
SJT,2004,6,142.0,45.0,5.0,1.0,2303.0,-1101.9782878562069,0.3939260563380282,0.2368904502530054,0.5837859400411182,0.2848967711699267,0.3621730382293763,14842,San Angelo Regional/Mathis Field,"San Angelo, TX",United States,Texas,"San Angelo, TX",31.35972222,-100.49444444
SJU,275549,864,114597.0,27924.0,1372.0,270.0,1678154.0,299410.9745636993,15.7584184624079,9.01836756961191,20.919130433456758,13.88732549119746,11.25936103169544,14843,Luis Munoz Marin International,"San Juan, PR",United States,Puerto Rico,"San Juan, PR",18.44138889,-66.00222222
SLC,577063,1833,988687.0,139308.0,11083.0,1464.0,7390630.0,2680912.231385286,10.998713931614686,6.397856727986317,17.703200102275176,10.80936708524157,7.777507032382823,14869,Salt Lake City International,"Salt Lake City, UT",United States,Utah,"Salt Lake City, UT",40.78416667,-111.96694444
SMF,235258,759,198177.0,38151.0,1924.0,242.0,1749299.0,955227.5403208234,8.103451780690696,5.408854911372449,11.294168953903984,7.307463111043596,4.969616284596308,14893,Sacramento International,"Sacramento, CA",United States,California,"Sacramento, CA",38.69555556,-121.58972222
SMX,2003,12,189.0,14.0,4.0,3.0,748.0,-1559.9782878562069,0.1393298059964726,1.0634920634920637,0.2248677248677248,0.2751322751322751,0.1005291005291005,14905,Santa Maria Public/Capt. G. Allan Hancock Field,"Santa Maria, CA",United States,California,"Santa Maria, CA",34.905,-120.45777778
SNA,221206,761,100769.0,17488.0,1196.0,266.0,739383.0,213753.38833581703,9.324700290144772,6.129794045418245,11.37258170990149,8.24129833268703,6.893452499783287,14908,Orange County,"Santa Ana, CA",United States,California,"Los Angeles, CA (Metropolitan Area)",33.67555556,-117.86694444
SPI,2010,7,118.0,29.0,7.0,1.0,1328.0,-1069.9782878562069,0.4448370754893989,0.2662834439325415,0.195567144719687,0.4496336318555251,0.17904034375746,14952,Capital,"Springfield, IL",United States,Illinois,"Springfield, IL",39.84416667,-89.67888889
SPS,2018,10,89.0,13.0,1.0,1.0,589.0,-1580.9782878562069,0.3341976375684241,0.3703117581895869,1.0226737536163628,0.2568218298555377,0.4269662921348314,14960,Sheppard AFB/Wichita Falls Municipal,"Wichita Falls, TX",United States,Texas,"Wichita Falls, TX",33.98833333,-98.49194444
SRQ,8036,7,471.0,133.0,8.0,5.0,9423.0,-3437.9131514248274,2.939298178865524,2.0644848461608443,4.1109617850107645,2.677572557601347,1.026875130001451,14986,Sarasota/Bradenton Airport,"Sarasota/Bradenton, FL",United States,Florida,"Sarasota/Bradenton, FL",27.39388889,-82.55416667
STL,452383,1439,434328.0,79819.0,5211.0,985.0,4075272.0,1750977.8852323624,16.323022925096854,9.298955823790385,21.080632625289628,14.235965407092587,11.08309389130083,15016,Lambert-St. Louis International,"St. Louis, MO",United States,Missouri,"St. Louis, MO",38.74722222,-90.36444444
STT,10071,23,545.0,152.0,11.0,9.0,9156.0,-5163.891439281035,3.919804101823345,1.9780817896051448,3.234595153959885,2.659917314107494,2.0715694022247506,15024,Cyril E King,"Charlotte Amalie, VI",United States,U.S. Virgin Islands,"Charlotte Amalie, VI",18.33722222,-64.97333333
SUN,4025,3,353.0,58.0,45.0,51.0,2016.0,-2641.9565757124137,0.4253518387480685,0.3354307599857373,1.0348332881539712,0.3584637558727194,0.285307671455679,15041,Friedman Memorial,"Sun Valley/Hailey/Ketchum, ID",United States,Idaho,"Sun Valley/Hailey/Ketchum, ID",43.50416667,-114.30833333
SWF,2004,7,93.0,23.0,2.0,1.0,819.0,-1630.9782878562069,0.1955034213098729,0.3503382111191958,0.3897849462365591,0.4128334957726167,0.1612903225806451,15070,Stewart International,"Newburgh/Poughkeepsie, NY",United States,New York,"New York City, NY (Metropolitan Area)",41.50583333,-74.09722222
SYR,16095,27,1151.0,356.0,44.0,9.0,23167.0,-3777.826302849655,4.1974678515635935,2.336594997492629,5.512173842304384,3.672332567941936,2.84354356292583,15096,Syracuse Hancock International,"Syracuse, NY",United States,New York,"Syracuse, NY",43.11055556,-76.1025
TLH,12081,26,1103.0,235.0,25.0,9.0,12794.0,-6635.869727137242,2.300209629850902,1.2785632983672772,2.5216460463872057,1.8974562358531488,0.9736427403774026,15249,Tallahassee Regional,"Tallahassee, FL",United States,Florida,"Tallahassee, FL",30.39972222,-84.35194444
TOL,2005,7,148.0,34.0,8.0,1.0,2474.0,-599.9782878562069,0.4782200456587377,0.6020117862223126,0.8513513513513513,0.3823759450769097,0.4729729729729729,15295,Toledo Express,"Toledo, OH",United States,Ohio,"Toledo, OH",41.59083333,-83.80083333
TPA,577292,1770,402238.0,77171.0,3951.0,1151.0,4155636.0,1590025.2313852792,22.45417235920239,13.812780685938964,30.03866668372596,18.596926343720877,14.716678690452316,15304,Tampa International,"Tampa, FL",United States,Florida,"Tampa, FL (Metropolitan Area)",27.97305556,-82.53527778
TUL,104466,325,19983.0,4655.0,292.0,107.0,241990.0,41232.12903147725,10.125422267845236,6.757483746381064,16.011252332135946,8.807327821910281,6.669629319483588,15370,Tulsa International,"Tulsa, OK",United States,Oklahoma,"Tulsa, OK",36.19777778,-95.88972222
TUS,82507,252,18481.0,3977.0,192.0,63.0,221510.0,41011.89019789553,7.52933084571099,4.21472084770571,10.018847378456668,6.038365902877638,4.731283575620564,15376,Tucson International,"Tucson, AZ",United States,Arizona,"Tucson, AZ",32.11611111,-110.94055556
TVC,8068,38,875.0,123.0,19.0,10.0,8863.0,-4013.913151424827,1.4570737214701668,0.8566935741363867,2.66936306366681,1.212904894517295,1.0678916696545904,15380,Cherry Capital,"Traverse City, MI",United States,Michigan,"Traverse City, MI",44.74,-85.58583333
TXK,2015,3,93.0,23.0,9.0,1.0,1003.0,-1377.9782878562069,0.4914976554996893,0.3865155478058704,0.7004608294930875,0.4995343324019982,0.1623047271251775,15401,Texarkana Muni/Webb Field,"Texarkana, AR",United States,Arkansas,"Texarkana, AR",33.45638889,-93.98916667
TYR,2014,10,89.0,23.0,4.0,1.0,725.0,-1294.9782878562069,0.3396457415927805,0.3317703264620013,0.2675227394328518,0.4085801838610827,0.4730928444707274,15411,Tyler Pounds Regional,"Tyler, TX",United States,Texas,"Tyler, TX",32.35472222,-95.39888889
TYS,22116,83,2894.0,814.0,57.0,12.0,57792.0,8753.238833581721,3.3767772366122,1.9779522273068528,3.5861752008395924,2.998604951541487,2.343873983246392,15412,McGhee Tyson,"Knoxville, TN",United States,Tennessee,"Knoxville, TN",35.81222222,-83.9925
VLD,2007,7,87.0,33.0,3.0,1.0,2157.0,-1316.9782878562069,0.5363984674329502,0.7314524555903866,0.7524588221353241,0.8426731597856315,0.4333898624458263,15607,Valdosta Regional,"Valdosta, GA",United States,Georgia,"Valdosta, GA",30.78222222,-83.27694444
VPS,22125,95,1721.0,513.0,56.0,18.0,29499.0,-8180.761166418277,6.237859436710383,3.339884028502741,6.542708174288844,6.983358975226872,4.257581599458329,15624,Northwest Florida Regional,"Valparaiso, FL",United States,Florida,"Valparaiso, FL",30.48333333,-86.52527778
WRG,6026,21,186.0,46.0,10.0,6.0,2399.0,-3518.9348635686206,2.2475186428150784,2.037138555533482,2.370967741935484,3.5876114298844985,1.5972550048081124,15841,Wrangell Airport,"Wrangell, AK",United States,Alaska,"Wrangell, AK",56.48444444,-132.36666667
XNA,48256,148,6225.0,1528.0,225.0,43.0,87985.0,-6303.478908548964,8.160816531561728,5.0025133260555,10.286498409352776,6.925847745779211,3.9496125256665207,15919,Northwest Arkansas Regional,"Fayetteville, AR",United States,Arkansas,"Fayetteville, AR",36.28194444,-94.30694444
XWA,2019,12,79.0,17.0,1.0,5.0,1701.0,-606.9782878562069,1.7773185223456474,0.4494588148963493,1.3381555153707054,1.140559071729958,0.2403460983816696,15934,Granite Point Ndb,"Granite Point, AK",United States,Alaska,"Granite Point, AK",60.96166667,-151.33166667
